trans_id,trans_date,supplier,department,amount,payment_method,approver,is_urgent
TXN000001,2026-05-05 11:56:41,供应商D公司,采购部,19878.05,现金,王芳,是
TXN000002,2026-02-13 16:14:14,供应商E公司,采购部,11960.78,现金,刘洋,是
TXN000003,2026-01-07 12:07:04,供应商A公司,采购部,22429.91,银行转账,李华,是
TXN000004,2026-05-20 08:53:35,供应商R公司,市场部,45180.64,银行转账,赵强,否
TXN000005,2026-01-02 14:17:11,供应商F公司,市场部,11077.57,支票,王芳,是
TXN000006,2026-05-29 14:08:25,供应商K公司,采购部,11077.71,银行转账,赵强,是
TXN000007,2026-04-28 13:34:02,供应商I公司,采购部,47257.67,现金,赵强,是
TXN000008,2026-06-29 10:12:28,供应商M公司,采购部,24684.92,现金,王芳,否
TXN000009,2026-04-23 10:39:21,供应商G公司,采购部,626639.12,银行转账,李华,否
TXN000010,2026-06-16 10:04:10,供应商H公司,采购部,20620.64,支票,王芳,否
TXN000011,2026-05-11 11:14:33,供应商I公司,采购部,9221.25,现金,李华,是
TXN000012,2026-05-05 14:36:54,供应商R公司,财务部,9204.21,现金,王芳,是
TXN000013,2026-01-07 13:35:52,供应商K公司,市场部,16213.02,支票,张明,是
TXN000014,2026-04-21 11:15:02,供应商K公司,财务部,2891.05,现金,赵强,否
TXN000015,2026-03-31 10:24:16,供应商E公司,行政部,3361.24,银行转账,李华,否
TXN000016,2026-05-26 09:20:12,供应商S公司,市场部,8519.99,现金,赵强,否
TXN000017,2026-06-17 13:01:49,供应商D公司,财务部,5941.61,现金,李华,否
TXN000018,2026-01-13 16:03:38,供应商M公司,市场部,17178.22,现金,赵强,否
TXN000019,2026-06-17 11:31:26,供应商A公司,采购部,6461.27,现金,刘洋,否
TXN000020,2026-03-30 10:30:20,供应商A公司,行政部,4316.31,现金,李华,是
TXN000021,2026-06-19 08:54:38,供应商J公司,技术部,43153.51,现金,李华,是
TXN000022,2026-05-29 09:33:28,供应商F公司,技术部,11152.05,现金,张明,否
TXN000023,2026-06-30 17:54:48,供应商L公司,行政部,14101.3,银行转账,张明,是
TXN000024,2026-04-21 12:04:29,供应商C公司,采购部,4273.56,现金,赵强,是
TXN000025,2026-04-03 14:58:35,供应商R公司,财务部,8642.9,支票,刘洋,否
TXN000026,2026-02-11 11:03:04,供应商R公司,财务部,14599.43,现金,王芳,否
TXN000027,2026-05-07 12:39:04,供应商L公司,市场部,5319.88,现金,赵强,是
TXN000028,2026-02-18 11:19:26,供应商H公司,采购部,18043.82,支票,张明,是
TXN000029,2026-01-02 17:30:42,供应商C公司,采购部,8262.55,银行转账,张明,是
TXN000030,2026-03-06 11:54:30,供应商C公司,技术部,10579.2,银行转账,王芳,否
TXN000031,2026-02-17 12:26:57,供应商P公司,市场部,8255.5,银行转账,张明,是
TXN000032,2026-03-24 14:01:10,供应商N公司,市场部,58795.61,现金,张明,是
TXN000033,2026-03-20 12:21:04,供应商K公司,采购部,13216.25,银行转账,李华,是
TXN000034,2026-04-15 11:16:21,供应商O公司,财务部,5732.07,支票,李华,否
TXN000035,2026-06-29 14:43:46,供应商C公司,市场部,25797.58,现金,张明,是
TXN000036,2026-06-12 16:10:15,供应商A公司,采购部,5030.75,银行转账,李华,否
TXN000037,2026-06-25 13:41:18,供应商B公司,财务部,15789.35,支票,张明,否
TXN000038,2026-06-02 14:02:01,供应商O公司,行政部,2785.73,支票,刘洋,否
TXN000039,2026-02-12 14:33:34,供应商B公司,技术部,4616.77,现金,刘洋,是
TXN000040,2026-05-26 13:49:07,供应商K公司,采购部,15638.47,银行转账,刘洋,否
TXN000041,2026-04-14 11:13:37,供应商F公司,采购部,24119.44,现金,张明,是
TXN000042,2026-01-14 15:19:57,供应商T公司,采购部,15322.76,现金,李华,否
TXN000043,2026-04-23 17:57:30,供应商T公司,采购部,12179.16,现金,张明,否
TXN000044,2026-04-24 16:06:36,供应商S公司,技术部,10499.86,支票,王芳,是
TXN000045,2026-05-11 09:08:57,供应商K公司,财务部,4093.61,支票,赵强,是
TXN000046,2026-05-06 16:15:06,供应商J公司,市场部,7511.01,支票,张明,是
TXN000047,2026-04-20 15:44:25,供应商D公司,采购部,9241.77,现金,李华,否
TXN000048,2026-01-14 16:35:26,供应商H公司,行政部,31122.86,支票,李华,否
TXN000049,2026-01-21 10:44:53,供应商E公司,行政部,17586.64,银行转账,张明,是
TXN000050,2026-05-20 16:18:54,供应商K公司,财务部,3260.28,现金,王芳,否
TXN000051,2026-06-26 16:19:40,供应商B公司,采购部,17313.94,现金,赵强,否
TXN000052,2026-01-26 17:39:49,供应商I公司,财务部,9817.62,现金,赵强,否
TXN000053,2026-05-15 12:23:05,供应商E公司,技术部,7773.4,银行转账,王芳,是
TXN000054,2026-01-09 10:56:11,供应商J公司,行政部,21792.93,银行转账,王芳,是
TXN000055,2026-06-05 15:44:37,供应商F公司,市场部,785984.33,银行转账,李华,否
TXN000056,2026-05-11 09:59:36,供应商H公司,行政部,28142.16,银行转账,张明,否
TXN000057,2026-06-19 16:35:30,供应商B公司,市场部,6826.9,银行转账,李华,否
TXN000058,2026-06-09 15:58:36,供应商H公司,财务部,10431.97,银行转账,李华,否
TXN000059,2026-02-24 10:23:03,供应商C公司,行政部,17413.67,支票,刘洋,否
TXN000060,2026-04-15 10:56:47,供应商K公司,采购部,29156.59,银行转账,王芳,是
TXN000061,2026-01-22 09:11:32,供应商T公司,市场部,9105.74,支票,王芳,否
TXN000062,2026-04-10 15:24:15,供应商D公司,市场部,11515.77,现金,李华,否
TXN000063,2026-01-01 15:52:54,供应商Q公司,技术部,5513.37,现金,李华,否
TXN000064,2026-03-06 10:50:37,供应商T公司,行政部,5130.89,现金,张明,否
TXN000065,2026-03-02 09:22:15,供应商N公司,行政部,25591.63,支票,王芳,是
TXN000066,2026-05-26 14:33:35,供应商F公司,技术部,39536.99,现金,王芳,否
TXN000067,2026-04-17 17:34:20,供应商A公司,行政部,12611.85,支票,李华,否
TXN000068,2026-05-08 11:08:57,供应商K公司,市场部,29816.77,支票,赵强,是
TXN000069,2026-04-10 14:14:36,供应商P公司,财务部,17841.97,现金,张明,否
TXN000070,2026-01-20 22:11:00,供应商K公司,采购部,7973.7,银行转账,王芳,是
TXN000071,2026-04-03 14:17:45,供应商T公司,采购部,17838.54,支票,赵强,是
TXN000072,2026-02-17 17:02:59,供应商E公司,采购部,45726.32,银行转账,赵强,是
TXN000073,2026-02-04 11:41:28,供应商Q公司,市场部,12982.26,银行转账,刘洋,是
TXN000074,2026-04-01 13:23:39,供应商Q公司,技术部,46710.06,现金,王芳,否
TXN000075,2026-06-08 14:12:20,供应商Q公司,市场部,1642.88,现金,赵强,是
TXN000076,2026-05-25 17:41:07,供应商P公司,市场部,25784.32,支票,李华,否
TXN000077,2026-06-01 08:13:38,供应商Q公司,市场部,14323.23,现金,李华,否
TXN000078,2026-03-27 17:57:17,供应商C公司,行政部,10517.48,银行转账,王芳,否
TXN000079,2026-03-04 09:57:16,供应商R公司,采购部,14377.34,银行转账,李华,是
TXN000080,2026-03-16 17:04:25,供应商E公司,财务部,2724.24,银行转账,赵强,否
TXN000081,2026-03-06 14:01:08,供应商R公司,市场部,11206.65,支票,张明,是
TXN000082,2026-06-16 16:39:38,供应商S公司,市场部,17777.52,支票,张明,否
TXN000083,2026-05-27 15:26:54,供应商M公司,市场部,43578.33,现金,刘洋,是
TXN000084,2026-02-02 09:09:51,供应商O公司,财务部,8825.35,现金,刘洋,是
TXN000085,2026-06-26 10:35:41,供应商M公司,技术部,6996.78,现金,张明,是
TXN000086,2026-03-25 13:28:49,供应商E公司,市场部,8942.71,银行转账,张明,否
TXN000087,2026-02-11 10:24:30,供应商O公司,行政部,27786.95,支票,赵强,否
TXN000088,2026-05-27 08:37:11,供应商N公司,行政部,17378.71,银行转账,赵强,是
TXN000089,2026-05-07 13:53:27,供应商C公司,采购部,8744.6,银行转账,李华,是
TXN000090,2026-02-16 15:42:00,供应商E公司,市场部,20143.04,现金,张明,是
TXN000091,2026-04-01 15:12:55,供应商I公司,行政部,14438.62,银行转账,刘洋,是
TXN000092,2026-06-01 08:46:22,供应商F公司,行政部,28996.08,银行转账,刘洋,是
TXN000093,2026-06-30 16:55:40,供应商J公司,技术部,7618.67,现金,赵强,否
TXN000094,2026-05-15 10:29:47,供应商H公司,采购部,10279.12,现金,王芳,是
TXN000095,2026-03-25 12:23:10,供应商L公司,采购部,9762.59,现金,王芳,是
TXN000096,2026-04-06 12:30:19,供应商D公司,市场部,4143.05,支票,赵强,是
TXN000097,2026-02-04 12:51:27,供应商Q公司,行政部,16930.91,现金,刘洋,否
TXN000098,2026-04-01 14:28:07,供应商N公司,技术部,16462.56,支票,王芳,是
TXN000099,2026-06-11 15:29:13,供应商C公司,行政部,13414.49,支票,李华,否
TXN000100,2026-06-15 13:43:39,供应商K公司,财务部,11073.72,支票,李华,否
TXN000101,2026-02-20 12:00:34,供应商K公司,行政部,4305.74,现金,王芳,是
TXN000102,2026-05-28 13:18:12,供应商H公司,市场部,9542.24,现金,赵强,否
TXN000103,2026-01-19 09:39:36,供应商J公司,财务部,10156.09,支票,李华,否
TXN000104,2026-04-14 10:16:31,供应商L公司,市场部,7031.66,现金,刘洋,否
TXN000105,2026-03-10 15:33:21,供应商O公司,行政部,11742.52,支票,王芳,是
TXN000106,2026-05-21 09:25:43,供应商G公司,行政部,18457.77,银行转账,刘洋,是
TXN000107,2026-02-12 08:25:31,供应商P公司,行政部,60412.34,现金,刘洋,否
TXN000108,2026-03-12 09:49:39,供应商F公司,行政部,15362.15,银行转账,刘洋,是
TXN000109,2026-02-23 14:23:00,供应商B公司,采购部,16416.47,现金,王芳,是
TXN000110,2026-05-27 12:15:56,供应商P公司,采购部,12587.3,银行转账,刘洋,否
TXN000111,2026-04-02 11:32:53,供应商P公司,市场部,607631.33,支票,李华,是
TXN000112,2026-02-19 08:38:04,供应商P公司,采购部,13079.34,银行转账,赵强,否
TXN000113,2026-01-15 17:14:52,供应商S公司,采购部,14019.22,银行转账,李华,否
TXN000114,2026-02-18 12:39:13,供应商D公司,技术部,95855.17,支票,刘洋,是
TXN000115,2026-06-26 17:56:14,供应商O公司,行政部,11454.19,现金,赵强,否
TXN000116,2026-04-29 17:05:09,供应商D公司,财务部,17004.58,现金,李华,否
TXN000117,2026-04-02 13:57:03,供应商J公司,采购部,12993.84,银行转账,王芳,否
TXN000118,2026-03-30 11:56:21,供应商C公司,财务部,5245.14,支票,刘洋,是
TXN000119,2026-01-23 14:53:46,供应商R公司,财务部,33331.5,现金,李华,否
TXN000120,2026-02-02 13:15:22,供应商J公司,技术部,24380.68,现金,刘洋,否
TXN000121,2026-03-27 14:36:12,供应商D公司,市场部,25155.34,现金,王芳,否
TXN000122,2026-04-08 12:22:09,供应商R公司,市场部,6454.22,支票,张明,是
TXN000123,2026-04-28 13:30:34,供应商I公司,采购部,41037.25,银行转账,李华,是
TXN000124,2026-05-29 12:20:44,供应商F公司,市场部,4352.56,现金,赵强,否
TXN000125,2026-02-05 13:48:02,供应商S公司,市场部,21364.49,现金,赵强,是
TXN000126,2026-04-02 14:24:25,供应商L公司,市场部,77061.92,支票,王芳,是
TXN000127,2026-03-06 08:59:47,供应商N公司,市场部,6048.53,支票,赵强,是
TXN000128,2026-03-30 15:38:32,供应商C公司,行政部,8492.7,支票,王芳,是
TXN000129,2026-06-10 12:26:21,供应商A公司,技术部,14468.38,支票,赵强,是
TXN000130,2026-03-12 14:00:50,供应商T公司,市场部,8930.43,现金,赵强,是
TXN000131,2026-06-30 11:16:06,供应商J公司,市场部,3864.04,现金,赵强,是
TXN000132,2026-04-29 13:32:51,供应商H公司,财务部,14112.98,支票,刘洋,是
TXN000133,2026-01-19 10:23:10,供应商H公司,采购部,5711.04,支票,张明,是
TXN000134,2026-05-20 11:36:48,供应商J公司,技术部,19513.74,现金,王芳,否
TXN000135,2026-06-12 10:05:43,供应商P公司,市场部,6402.61,银行转账,赵强,是
TXN000136,2026-06-29 08:13:01,供应商T公司,技术部,46163.63,现金,李华,是
TXN000137,2026-06-03 17:41:44,供应商N公司,行政部,7139.5,现金,王芳,是
TXN000138,2026-04-06 09:53:21,供应商E公司,市场部,10325.28,现金,赵强,否
TXN000139,2026-05-29 11:14:39,供应商R公司,市场部,25611.94,支票,王芳,是
TXN000140,2026-02-16 16:54:52,供应商S公司,市场部,4990.59,银行转账,赵强,是
TXN000141,2026-03-16 08:39:57,供应商M公司,财务部,16026.0,支票,张明,是
TXN000142,2026-01-13 22:27:00,供应商Q公司,市场部,38014.17,银行转账,李华,否
TXN000143,2026-06-19 10:50:30,供应商E公司,采购部,3692.33,支票,王芳,否
TXN000144,2026-03-19 12:24:23,供应商C公司,行政部,15486.24,现金,刘洋,否
TXN000145,2026-06-22 15:45:50,供应商P公司,技术部,16447.13,银行转账,刘洋,是
TXN000146,2026-05-26 08:11:00,供应商C公司,市场部,24970.7,银行转账,张明,否
TXN000147,2026-02-02 15:18:57,供应商J公司,采购部,4966.34,银行转账,王芳,是
TXN000148,2026-01-29 14:24:15,供应商H公司,技术部,4645.41,支票,刘洋,是
TXN000149,2026-02-03 08:10:52,供应商F公司,采购部,20283.3,现金,赵强,是
TXN000150,2026-04-24 13:42:33,供应商E公司,财务部,16942.62,支票,王芳,否
TXN000151,2026-04-01 16:14:14,供应商J公司,技术部,16324.04,银行转账,张明,否
TXN000152,2026-03-09 10:27:09,供应商S公司,行政部,17626.5,现金,赵强,否
TXN000153,2026-02-16 09:27:31,供应商M公司,技术部,7754.12,支票,刘洋,否
TXN000154,2026-02-27 15:52:30,供应商A公司,市场部,16087.58,支票,张明,是
TXN000155,2026-06-25 15:58:54,供应商J公司,财务部,16889.68,现金,王芳,是
TXN000156,2026-05-13 13:00:52,供应商E公司,采购部,7544.08,现金,张明,否
TXN000157,2026-06-03 11:11:28,供应商O公司,采购部,59433.87,现金,王芳,是
TXN000158,2026-02-27 15:18:51,供应商K公司,市场部,19517.49,银行转账,李华,是
TXN000159,2026-03-13 09:01:10,供应商Q公司,技术部,5151.06,支票,李华,否
TXN000160,2026-06-10 11:19:59,供应商P公司,行政部,22589.55,现金,王芳,是
TXN000161,2026-01-06 23:43:00,供应商H公司,市场部,6125.74,现金,王芳,是
TXN000162,2026-04-15 12:36:29,供应商D公司,市场部,25076.03,支票,王芳,否
TXN000163,2026-01-22 08:55:45,供应商H公司,市场部,33754.75,银行转账,刘洋,否
TXN000164,2026-01-13 14:36:45,供应商O公司,行政部,6928.88,现金,赵强,是
TXN000165,2026-01-28 11:24:29,供应商B公司,采购部,28874.12,支票,赵强,是
TXN000166,2026-06-22 14:55:41,供应商R公司,财务部,18587.13,支票,赵强,否
TXN000167,2026-05-11 12:41:32,供应商R公司,市场部,25787.58,现金,李华,否
TXN000168,2026-05-08 12:09:26,供应商D公司,市场部,60927.16,现金,赵强,否
TXN000169,2026-01-07 16:28:08,供应商L公司,财务部,10978.45,支票,赵强,是
TXN000170,2026-06-16 10:41:12,供应商L公司,采购部,7310.09,现金,王芳,否
TXN000171,2026-03-19 15:27:54,供应商I公司,财务部,6557.66,银行转账,赵强,是
TXN000172,2026-02-11 12:29:05,供应商T公司,采购部,6955.94,银行转账,王芳,是
TXN000173,2026-01-14 15:44:47,供应商R公司,财务部,12560.58,现金,李华,是
TXN000174,2026-06-03 11:20:46,供应商T公司,采购部,17551.97,支票,李华,是
TXN000175,2026-06-05 09:20:38,供应商F公司,采购部,16669.78,现金,张明,是
TXN000176,2026-06-03 17:35:43,供应商H公司,技术部,25893.48,支票,张明,是
TXN000177,2026-05-25 08:39:24,供应商N公司,技术部,13499.41,银行转账,张明,否
TXN000178,2026-06-01 09:49:19,供应商L公司,技术部,42737.3,现金,张明,否
TXN000179,2026-02-13 08:29:48,供应商T公司,采购部,10810.51,现金,刘洋,否
TXN000180,2026-01-07 09:10:21,供应商B公司,市场部,117728.37,支票,赵强,是
TXN000181,2026-04-06 12:49:06,供应商O公司,采购部,22038.23,银行转账,王芳,是
TXN000182,2026-02-23 17:40:02,供应商T公司,技术部,6729.62,现金,王芳,否
TXN000183,2026-04-27 08:02:52,供应商Q公司,行政部,5671.94,支票,刘洋,否
TXN000184,2026-01-20 14:12:18,供应商D公司,技术部,19652.86,现金,李华,否
TXN000185,2026-03-30 09:27:29,供应商M公司,市场部,11172.71,现金,张明,否
TXN000186,2026-05-14 16:49:04,供应商P公司,采购部,23651.94,银行转账,张明,是
TXN000187,2026-01-26 14:22:55,供应商R公司,采购部,19508.2,现金,刘洋,否
TXN000188,2026-05-11 10:29:17,供应商D公司,市场部,12603.59,支票,赵强,是
TXN000189,2026-03-10 14:47:24,供应商D公司,技术部,6785.65,现金,李华,是
TXN000190,2026-01-22 08:20:03,供应商L公司,技术部,3976.36,支票,张明,否
TXN000191,2026-03-25 15:48:31,供应商R公司,技术部,9346.79,现金,刘洋,是
TXN000192,2026-04-29 14:07:19,供应商I公司,采购部,26505.8,银行转账,王芳,否
TXN000193,2026-03-10 11:53:15,供应商A公司,财务部,15855.55,银行转账,刘洋,否
TXN000194,2026-04-14 08:13:42,供应商G公司,市场部,4931.55,支票,赵强,否
TXN000195,2026-05-21 10:52:51,供应商K公司,技术部,15345.0,现金,张明,是
TXN000196,2026-03-24 16:03:07,供应商P公司,技术部,18183.21,支票,赵强,否
TXN000197,2026-01-23 10:25:40,供应商L公司,市场部,6587.4,银行转账,王芳,否
TXN000198,2026-04-13 15:41:27,供应商J公司,采购部,15108.01,银行转账,赵强,是
TXN000199,2026-02-11 08:25:18,供应商E公司,行政部,13996.56,支票,王芳,是
TXN000200,2026-05-26 09:20:17,供应商N公司,财务部,5354.13,银行转账,赵强,是
TXN000201,2026-04-08 11:23:29,供应商R公司,行政部,17787.12,银行转账,赵强,是
TXN000202,2026-03-31 14:36:36,供应商C公司,行政部,20923.49,现金,赵强,否
TXN000203,2026-05-05 15:16:35,供应商N公司,行政部,31775.19,银行转账,赵强,是
TXN000204,2026-03-05 09:31:45,供应商F公司,技术部,31040.3,支票,王芳,是
TXN000205,2026-02-17 13:56:13,供应商N公司,技术部,4437.58,支票,刘洋,是
TXN000206,2026-06-19 08:56:16,供应商J公司,行政部,6309.05,银行转账,王芳,是
TXN000207,2026-04-10 11:01:28,供应商D公司,技术部,20171.54,现金,李华,否
TXN000208,2026-03-10 12:14:36,供应商E公司,财务部,20151.39,银行转账,李华,否
TXN000209,2026-05-28 17:54:23,供应商C公司,财务部,20171.75,现金,赵强,否
TXN000210,2026-05-13 14:18:43,供应商S公司,技术部,291322.21,支票,王芳,是
TXN000211,2026-03-27 17:26:35,供应商C公司,市场部,21093.34,支票,王芳,否
TXN000212,2026-03-10 16:10:10,供应商Q公司,采购部,33138.55,支票,赵强,否
TXN000213,2026-01-08 15:15:44,供应商B公司,行政部,28658.39,支票,张明,是
TXN000214,2026-04-22 08:06:47,供应商G公司,行政部,22496.45,现金,赵强,是
TXN000215,2026-01-13 08:21:08,供应商O公司,采购部,10381.54,支票,张明,是
TXN000216,2026-02-18 10:34:09,供应商O公司,市场部,24518.31,现金,刘洋,是
TXN000217,2026-03-17 13:29:31,供应商N公司,行政部,7199.31,现金,刘洋,是
TXN000218,2026-06-03 14:03:50,供应商K公司,采购部,11053.97,支票,张明,否
TXN000219,2026-02-25 12:13:15,供应商I公司,技术部,9060.77,银行转账,王芳,是
TXN000220,2026-04-24 11:45:46,供应商E公司,行政部,14264.07,支票,赵强,是
TXN000221,2026-03-02 10:45:22,供应商R公司,市场部,85112.3,现金,王芳,是
TXN000222,2026-05-11 10:58:07,供应商Q公司,采购部,2999.46,现金,赵强,否
TXN000223,2026-03-12 17:49:39,供应商J公司,财务部,23132.83,银行转账,王芳,否
TXN000224,2026-06-03 08:54:22,供应商D公司,技术部,3676.91,现金,刘洋,是
TXN000225,2026-05-01 08:14:07,供应商E公司,技术部,9158.65,支票,李华,是
TXN000226,2026-02-05 10:48:11,供应商T公司,财务部,31925.5,现金,赵强,是
TXN000227,2026-05-12 16:04:46,供应商H公司,市场部,14064.71,现金,王芳,否
TXN000228,2026-03-02 10:13:29,供应商P公司,财务部,5640.93,支票,刘洋,否
TXN000229,2026-06-01 10:19:15,供应商M公司,技术部,7538.34,现金,赵强,是
TXN000230,2026-04-28 17:56:09,供应商E公司,行政部,23009.86,银行转账,赵强,否
TXN000231,2026-05-19 11:22:07,供应商Q公司,采购部,7448.04,支票,张明,是
TXN000232,2026-06-11 16:57:30,供应商N公司,采购部,15885.58,银行转账,赵强,否
TXN000233,2026-01-06 12:17:31,供应商N公司,采购部,13855.78,支票,刘洋,否
TXN000234,2026-01-20 13:45:38,供应商K公司,财务部,7932.47,银行转账,张明,否
TXN000235,2026-06-11 10:58:09,供应商P公司,财务部,74247.19,现金,赵强,否
TXN000236,2026-01-02 08:28:20,供应商C公司,采购部,22184.19,支票,李华,是
TXN000237,2026-05-22 13:09:35,供应商T公司,技术部,2643.57,支票,张明,否
TXN000238,2026-02-16 11:29:01,供应商J公司,采购部,15508.81,银行转账,李华,否
TXN000239,2026-05-05 09:43:51,供应商T公司,市场部,7868.09,银行转账,张明,否
TXN000240,2026-04-15 10:11:30,供应商A公司,技术部,26421.85,现金,李华,是
TXN000241,2026-03-25 16:23:53,供应商A公司,技术部,7086.76,支票,李华,否
TXN000242,2026-02-06 16:56:45,供应商C公司,技术部,12188.05,支票,张明,是
TXN000243,2026-04-02 14:59:17,供应商B公司,市场部,20010.05,支票,王芳,是
TXN000244,2026-03-11 16:10:41,供应商C公司,行政部,26704.95,银行转账,张明,否
TXN000245,2026-03-10 17:49:57,供应商R公司,行政部,5114.13,现金,李华,否
TXN000246,2026-02-05 17:28:37,供应商E公司,采购部,10223.04,现金,赵强,是
TXN000247,2026-01-20 22:27:00,供应商B公司,财务部,9136.6,银行转账,王芳,否
TXN000248,2026-03-19 15:51:30,供应商R公司,市场部,7921.51,支票,张明,是
TXN000249,2026-03-11 15:37:12,供应商B公司,行政部,54850.33,支票,张明,否
TXN000250,2026-05-25 16:03:53,供应商O公司,市场部,18471.52,支票,李华,否
TXN000251,2026-05-15 17:16:22,供应商P公司,行政部,4872.16,现金,王芳,是
TXN000252,2026-05-22 12:26:40,供应商N公司,采购部,27841.68,支票,刘洋,是
TXN000253,2026-02-27 09:03:02,供应商K公司,采购部,72964.26,银行转账,王芳,否
TXN000254,2026-04-28 08:25:13,供应商N公司,财务部,30514.96,现金,赵强,否
TXN000255,2026-01-09 13:23:21,供应商L公司,技术部,3962.0,支票,王芳,是
TXN000256,2026-05-11 15:56:37,供应商M公司,行政部,9068.96,现金,李华,是
TXN000257,2026-03-27 10:02:00,供应商B公司,财务部,36810.15,银行转账,李华,否
TXN000258,2026-03-12 15:44:38,供应商M公司,技术部,7584.52,银行转账,刘洋,是
TXN000259,2026-05-29 12:13:53,供应商C公司,技术部,19054.44,银行转账,刘洋,否
TXN000260,2026-03-19 14:58:23,供应商K公司,行政部,24827.5,银行转账,张明,是
TXN000261,2026-02-06 11:02:48,供应商P公司,技术部,6364.28,支票,刘洋,是
TXN000262,2026-04-06 17:09:31,供应商G公司,采购部,12738.44,银行转账,张明,否
TXN000263,2026-03-04 09:23:13,供应商L公司,采购部,999.23,现金,刘洋,否
TXN000264,2026-01-14 22:35:00,供应商J公司,财务部,5886.93,现金,李华,否
TXN000265,2026-02-09 08:38:11,供应商E公司,财务部,10915.57,支票,张明,否
TXN000266,2026-04-22 11:00:21,供应商L公司,市场部,4923.49,现金,李华,是
TXN000267,2026-03-02 09:23:57,供应商M公司,市场部,49312.31,现金,赵强,否
TXN000268,2026-01-15 15:42:11,供应商E公司,行政部,4255.16,现金,张明,否
TXN000269,2026-05-13 09:32:15,供应商Q公司,行政部,9395.3,银行转账,刘洋,是
TXN000270,2026-01-26 09:20:13,供应商N公司,技术部,14832.74,银行转账,张明,是
TXN000271,2026-03-09 12:35:03,供应商Q公司,行政部,42320.15,银行转账,王芳,是
TXN000272,2026-05-04 15:34:49,供应商R公司,行政部,4235.73,银行转账,王芳,是
TXN000273,2026-02-03 13:51:09,供应商T公司,技术部,33878.33,支票,刘洋,是
TXN000274,2026-06-10 13:52:47,供应商A公司,采购部,13469.54,银行转账,刘洋,否
TXN000275,2026-04-22 10:21:09,供应商N公司,技术部,6092.37,现金,张明,否
TXN000276,2026-02-26 13:58:03,供应商J公司,市场部,19335.2,银行转账,赵强,否
TXN000277,2026-03-30 09:40:07,供应商C公司,采购部,15666.0,银行转账,赵强,否
TXN000278,2026-04-01 12:27:26,供应商G公司,行政部,8265.34,现金,李华,否
TXN000279,2026-06-17 14:48:41,供应商K公司,行政部,14126.98,支票,李华,否
TXN000280,2026-04-20 09:29:03,供应商D公司,行政部,9815.81,银行转账,赵强,是
TXN000281,2026-02-18 11:23:08,供应商E公司,采购部,14629.77,银行转账,王芳,否
TXN000282,2026-03-23 12:38:56,供应商H公司,财务部,22690.57,支票,刘洋,否
TXN000283,2026-05-29 12:24:12,供应商F公司,市场部,47515.6,现金,赵强,否
TXN000284,2026-03-18 16:38:29,供应商Q公司,市场部,4962.91,银行转账,李华,否
TXN000285,2026-04-07 10:22:26,供应商T公司,市场部,73601.94,支票,刘洋,是
TXN000286,2026-01-27 08:10:55,供应商I公司,行政部,2802.68,支票,王芳,是
TXN000287,2026-01-07 22:21:00,供应商G公司,行政部,11832.11,现金,王芳,是
TXN000288,2026-03-17 08:30:57,供应商Q公司,市场部,21389.46,现金,王芳,是
TXN000289,2026-06-04 16:29:22,供应商K公司,技术部,16727.23,支票,李华,是
TXN000290,2026-04-08 10:31:55,供应商B公司,采购部,8118.01,银行转账,李华,否
TXN000291,2026-01-28 11:25:35,供应商K公司,技术部,680278.42,支票,李华,否
TXN000292,2026-04-14 16:53:00,供应商P公司,技术部,9005.58,支票,赵强,是
TXN000293,2026-03-06 15:41:18,供应商D公司,市场部,8337.41,现金,王芳,是
TXN000294,2026-04-03 11:45:02,供应商I公司,技术部,26362.07,现金,李华,是
TXN000295,2026-04-24 15:24:56,供应商P公司,财务部,17776.14,现金,刘洋,否
TXN000296,2026-05-13 12:25:02,供应商H公司,采购部,7674.61,现金,张明,是
TXN000297,2026-03-23 15:39:27,供应商E公司,市场部,27437.88,现金,李华,否
TXN000298,2026-05-22 13:56:22,供应商B公司,财务部,17083.01,现金,李华,否
TXN000299,2026-04-13 08:54:03,供应商M公司,行政部,25598.52,银行转账,赵强,否
TXN000300,2026-04-17 09:49:03,供应商L公司,行政部,22108.18,现金,赵强,是
TXN000301,2026-02-24 12:15:50,供应商R公司,行政部,6882.96,银行转账,王芳,否
TXN000302,2026-02-10 13:59:04,供应商P公司,行政部,8534.36,支票,王芳,否
TXN000303,2026-04-22 16:35:44,供应商R公司,市场部,24290.36,支票,王芳,是
TXN000304,2026-02-26 17:36:26,供应商B公司,行政部,21770.18,现金,张明,否
TXN000305,2026-05-08 17:03:04,供应商I公司,市场部,13138.19,银行转账,李华,否
TXN000306,2026-04-20 11:11:37,供应商I公司,财务部,14674.43,银行转账,刘洋,是
TXN000307,2026-02-17 09:56:10,供应商B公司,技术部,37128.19,银行转账,李华,是
TXN000308,2026-03-06 11:16:47,供应商P公司,采购部,8322.71,现金,李华,是
TXN000309,2026-06-30 17:55:06,供应商F公司,市场部,20695.63,现金,赵强,否
TXN000310,2026-05-07 15:43:48,供应商G公司,行政部,11364.46,支票,王芳,是
TXN000311,2026-06-26 15:17:34,供应商C公司,技术部,11224.51,银行转账,刘洋,是
TXN000312,2026-03-23 11:29:06,供应商F公司,采购部,32177.46,支票,赵强,是
TXN000313,2026-06-19 17:10:09,供应商J公司,采购部,25856.91,银行转账,王芳,是
TXN000314,2026-06-30 14:54:47,供应商K公司,行政部,25611.78,支票,刘洋,否
TXN000315,2026-01-27 09:25:01,供应商Q公司,市场部,37963.6,支票,李华,是
TXN000316,2026-03-06 13:05:58,供应商F公司,市场部,13586.11,现金,王芳,是
TXN000317,2026-02-27 14:54:45,供应商S公司,财务部,23053.26,银行转账,刘洋,否
TXN000318,2026-03-25 09:14:29,供应商Q公司,行政部,10423.17,银行转账,赵强,是
TXN000319,2026-01-28 15:17:55,供应商P公司,行政部,17315.08,银行转账,张明,否
TXN000320,2026-01-20 23:28:00,供应商I公司,行政部,12038.75,支票,刘洋,是
TXN000321,2026-01-13 09:31:13,供应商D公司,市场部,14437.68,支票,李华,否
TXN000322,2026-05-14 13:20:05,供应商Q公司,行政部,21506.83,现金,张明,否
TXN000323,2026-03-13 16:52:43,供应商T公司,财务部,6942.54,银行转账,李华,否
TXN000324,2026-03-30 16:21:15,供应商T公司,行政部,71247.13,支票,刘洋,否
TXN000325,2026-05-28 09:30:33,供应商R公司,财务部,5974.08,银行转账,刘洋,是
TXN000326,2026-04-13 09:02:18,供应商O公司,技术部,5057.61,现金,王芳,是
TXN000327,2026-04-17 16:13:49,供应商Q公司,财务部,33741.66,现金,刘洋,是
TXN000328,2026-05-13 10:24:20,供应商G公司,技术部,25168.04,支票,张明,否
TXN000329,2026-03-30 09:08:51,供应商E公司,技术部,22010.96,支票,赵强,是
TXN000330,2026-01-05 13:27:27,供应商M公司,行政部,22085.5,银行转账,李华,是
TXN000331,2026-03-24 14:34:22,供应商L公司,采购部,13229.48,现金,张明,是
TXN000332,2026-01-07 11:53:42,供应商J公司,市场部,6517.18,银行转账,李华,否
TXN000333,2026-06-23 09:54:56,供应商M公司,市场部,14194.98,支票,赵强,是
TXN000334,2026-06-17 09:13:33,供应商L公司,采购部,7771.91,银行转账,刘洋,否
TXN000335,2026-05-22 16:03:53,供应商H公司,采购部,29146.67,银行转账,王芳,否
TXN000336,2026-03-24 16:34:47,供应商R公司,市场部,11876.94,银行转账,李华,否
TXN000337,2026-03-09 13:13:16,供应商E公司,行政部,6902.25,银行转账,张明,是
TXN000338,2026-03-23 17:48:10,供应商T公司,采购部,10330.87,银行转账,李华,是
TXN000339,2026-04-27 09:52:46,供应商B公司,财务部,18589.37,现金,张明,否
TXN000340,2026-03-27 13:42:53,供应商H公司,技术部,8510.2,银行转账,张明,是
TXN000341,2026-02-26 12:03:55,供应商H公司,技术部,6920.36,支票,刘洋,否
TXN000342,2026-01-14 23:47:00,供应商J公司,财务部,16235.41,现金,刘洋,是
TXN000343,2026-02-04 08:10:47,供应商N公司,技术部,16252.03,支票,张明,否
TXN000344,2026-05-11 16:40:58,供应商M公司,技术部,8905.69,支票,赵强,否
TXN000345,2026-05-18 17:32:48,供应商E公司,市场部,9165.2,银行转账,刘洋,否
TXN000346,2026-01-27 08:55:03,供应商M公司,财务部,16084.96,支票,李华,否
TXN000347,2026-01-16 16:29:41,供应商O公司,行政部,4194.51,银行转账,刘洋,是
TXN000348,2026-04-28 09:49:13,供应商B公司,采购部,4333.06,银行转账,刘洋,是
TXN000349,2026-06-26 11:04:45,供应商K公司,行政部,7519.42,银行转账,李华,是
TXN000350,2026-05-26 08:42:34,供应商P公司,财务部,11262.59,现金,刘洋,是
TXN000351,2026-03-19 08:26:21,供应商H公司,技术部,17132.39,支票,王芳,否
TXN000352,2026-01-20 11:32:51,供应商P公司,行政部,43489.94,银行转账,王芳,否
TXN000353,2026-04-20 13:33:18,供应商H公司,财务部,26532.55,银行转账,王芳,否
TXN000354,2026-02-27 15:41:44,供应商E公司,财务部,11755.18,支票,李华,否
TXN000355,2026-05-08 10:41:39,供应商K公司,行政部,13158.02,支票,赵强,否
TXN000356,2026-06-04 16:51:15,供应商L公司,财务部,5990.78,银行转账,刘洋,否
TXN000357,2026-04-16 14:32:27,供应商B公司,技术部,13163.32,银行转账,张明,是
TXN000358,2026-01-02 13:45:02,供应商N公司,财务部,10604.92,现金,李华,是
TXN000359,2026-05-18 15:38:56,供应商E公司,采购部,17295.04,银行转账,刘洋,否
TXN000360,2026-01-02 14:48:56,供应商R公司,技术部,6892.68,支票,张明,是
TXN000361,2026-01-13 23:15:00,供应商I公司,技术部,20241.24,支票,张明,否
TXN000362,2026-05-01 16:23:17,供应商Q公司,行政部,45532.93,支票,王芳,否
TXN000363,2026-01-16 16:15:22,供应商L公司,市场部,12246.46,支票,刘洋,是
TXN000364,2026-05-07 12:43:39,供应商B公司,采购部,18423.26,支票,赵强,否
TXN000365,2026-02-03 14:42:19,供应商C公司,市场部,23204.82,支票,王芳,是
TXN000366,2026-01-09 14:18:20,供应商H公司,财务部,9691.69,现金,刘洋,否
TXN000367,2026-01-07 17:20:00,供应商F公司,行政部,15982.89,银行转账,李华,是
TXN000368,2026-05-27 09:45:35,供应商M公司,采购部,13494.99,支票,李华,是
TXN000369,2026-04-21 08:59:39,供应商M公司,技术部,14445.54,支票,赵强,是
TXN000370,2026-01-16 13:29:58,供应商Q公司,行政部,7198.24,银行转账,张明,否
TXN000371,2026-04-30 12:49:09,供应商T公司,市场部,13624.27,支票,张明,否
TXN000372,2026-06-02 11:35:56,供应商O公司,市场部,19898.48,银行转账,王芳,否
TXN000373,2026-02-06 09:36:03,供应商S公司,市场部,42655.64,银行转账,刘洋,否
TXN000374,2026-01-15 14:33:57,供应商C公司,行政部,28779.44,银行转账,赵强,是
TXN000375,2026-03-12 08:59:05,供应商D公司,采购部,74797.97,银行转账,王芳,否
TXN000376,2026-02-06 17:18:32,供应商N公司,市场部,7230.92,现金,刘洋,否
TXN000377,2026-01-21 09:22:47,供应商A公司,采购部,26845.58,支票,刘洋,是
TXN000378,2026-04-27 11:05:09,供应商K公司,市场部,15470.24,银行转账,王芳,否
TXN000379,2026-03-17 15:16:36,供应商C公司,技术部,77021.69,银行转账,刘洋,是
TXN000380,2026-05-14 09:48:14,供应商M公司,财务部,6997.87,银行转账,王芳,否
TXN000381,2026-01-29 16:06:20,供应商C公司,财务部,6824.15,支票,王芳,否
TXN000382,2026-03-12 10:57:50,供应商I公司,财务部,8270.79,现金,赵强,是
TXN000383,2026-01-27 15:25:37,供应商J公司,采购部,2442.76,支票,王芳,否
TXN000384,2026-06-08 16:23:28,供应商T公司,财务部,8772.67,支票,王芳,是
TXN000385,2026-03-03 08:12:00,供应商F公司,市场部,7278.6,支票,王芳,否
TXN000386,2026-02-17 09:46:44,供应商K公司,市场部,15067.8,支票,赵强,否
TXN000387,2026-01-23 10:45:20,供应商S公司,财务部,17560.46,现金,刘洋,是
TXN000388,2026-05-13 17:00:40,供应商R公司,采购部,59930.25,现金,赵强,是
TXN000389,2026-03-27 11:20:53,供应商J公司,采购部,28576.47,支票,赵强,是
TXN000390,2026-02-19 09:34:55,供应商E公司,市场部,803416.13,支票,张明,否
TXN000391,2026-04-27 10:34:25,供应商P公司,技术部,6511.13,支票,刘洋,否
TXN000392,2026-01-08 11:20:17,供应商L公司,技术部,19801.94,现金,张明,是
TXN000393,2026-02-18 12:50:24,供应商L公司,财务部,4646.24,现金,刘洋,是
TXN000394,2026-04-20 16:47:48,供应商M公司,行政部,57824.45,支票,张明,是
TXN000395,2026-01-20 11:32:23,供应商I公司,财务部,34322.35,现金,刘洋,是
TXN000396,2026-05-15 09:40:15,供应商Q公司,财务部,9178.87,支票,张明,否
TXN000397,2026-01-21 15:14:07,供应商J公司,市场部,3393.08,银行转账,张明,是
TXN000398,2026-06-02 14:57:47,供应商G公司,技术部,39462.18,支票,王芳,否
TXN000399,2026-03-27 10:00:04,供应商O公司,行政部,12189.96,银行转账,王芳,是
TXN000400,2026-05-19 08:28:12,供应商D公司,采购部,35963.26,支票,张明,是
TXN000401,2026-02-17 16:43:00,供应商Q公司,财务部,3731.1,现金,李华,否
TXN000402,2026-02-06 12:37:33,供应商N公司,市场部,8270.91,银行转账,刘洋,是
TXN000403,2026-01-21 22:05:00,供应商M公司,采购部,13415.89,现金,李华,是
TXN000404,2026-02-24 09:10:51,供应商C公司,技术部,13871.4,银行转账,刘洋,是
TXN000405,2026-03-13 08:43:08,供应商K公司,财务部,9320.28,支票,张明,否
TXN000406,2026-05-11 13:41:42,供应商P公司,技术部,21988.61,现金,王芳,否
TXN000407,2026-03-18 13:23:15,供应商S公司,采购部,5686.8,支票,王芳,否
TXN000408,2026-06-08 08:17:42,供应商J公司,技术部,11921.47,现金,张明,是
TXN000409,2026-02-16 15:49:46,供应商J公司,采购部,14709.32,银行转账,王芳,是
TXN000410,2026-04-10 12:36:59,供应商M公司,市场部,20161.92,现金,李华,否
TXN000411,2026-03-24 11:30:13,供应商F公司,市场部,23606.84,现金,刘洋,是
TXN000412,2026-02-02 17:38:58,供应商P公司,行政部,5433.22,银行转账,李华,否
TXN000413,2026-05-01 14:39:35,供应商B公司,行政部,3915.54,银行转账,赵强,是
TXN000414,2026-06-08 15:10:53,供应商M公司,技术部,37128.55,现金,赵强,否
TXN000415,2026-01-07 16:22:12,供应商I公司,财务部,17428.31,现金,王芳,是
TXN000416,2026-05-25 12:23:09,供应商P公司,技术部,7340.86,现金,张明,是
TXN000417,2026-03-13 13:41:59,供应商R公司,采购部,46208.62,现金,赵强,是
TXN000418,2026-06-11 12:24:35,供应商H公司,行政部,14655.04,银行转账,赵强,否
TXN000419,2026-03-27 14:12:50,供应商D公司,财务部,34318.43,银行转账,刘洋,否
TXN000420,2026-06-17 12:46:39,供应商T公司,市场部,14101.19,银行转账,刘洋,是
TXN000421,2026-06-02 17:39:46,供应商G公司,财务部,69466.39,银行转账,刘洋,否
TXN000422,2026-04-14 16:36:29,供应商I公司,技术部,54408.34,现金,李华,否
TXN000423,2026-02-26 12:23:26,供应商S公司,行政部,10947.09,现金,张明,是
TXN000424,2026-06-18 16:44:04,供应商E公司,财务部,29064.03,银行转账,李华,否
TXN000425,2026-02-18 09:41:19,供应商M公司,市场部,22388.46,银行转账,刘洋,否
TXN000426,2026-05-04 08:55:09,供应商C公司,市场部,39930.88,现金,王芳,否
TXN000427,2026-03-30 15:02:07,供应商P公司,行政部,6173.75,现金,张明,是
TXN000428,2026-03-31 08:31:42,供应商L公司,采购部,23128.97,现金,赵强,是
TXN000429,2026-06-10 12:04:07,供应商G公司,市场部,31155.3,支票,王芳,否
TXN000430,2026-04-17 14:39:07,供应商S公司,财务部,3271.51,现金,赵强,否
TXN000431,2026-05-29 08:21:40,供应商B公司,采购部,5184.32,银行转账,赵强,是
TXN000432,2026-01-01 11:09:00,供应商N公司,财务部,2613.94,现金,李华,否
TXN000433,2026-02-23 13:01:23,供应商C公司,行政部,10769.51,支票,张明,否
TXN000434,2026-05-07 08:08:43,供应商F公司,采购部,23719.05,支票,王芳,是
TXN000435,2026-03-25 16:21:40,供应商C公司,采购部,44439.57,银行转账,李华,否
TXN000436,2026-01-16 11:13:14,供应商E公司,技术部,14175.58,银行转账,刘洋,否
TXN000437,2026-06-17 09:28:34,供应商N公司,财务部,49162.8,支票,张明,是
TXN000438,2026-03-16 17:14:06,供应商C公司,采购部,4428.95,银行转账,王芳,否
TXN000439,2026-03-16 15:36:33,供应商E公司,财务部,3419.65,银行转账,刘洋,是
TXN000440,2026-05-07 13:18:49,供应商F公司,市场部,12779.04,支票,李华,是
TXN000441,2026-05-14 15:37:48,供应商O公司,财务部,18165.01,银行转账,张明,是
TXN000442,2026-05-27 10:39:03,供应商D公司,技术部,13014.82,现金,赵强,否
TXN000443,2026-03-25 17:05:47,供应商K公司,财务部,2555.61,银行转账,王芳,是
TXN000444,2026-02-18 12:32:31,供应商R公司,技术部,12440.39,现金,刘洋,否
TXN000445,2026-06-01 14:15:42,供应商A公司,行政部,4705.2,银行转账,刘洋,是
TXN000446,2026-05-26 13:12:14,供应商M公司,行政部,22827.88,现金,张明,是
TXN000447,2026-04-07 10:20:38,供应商M公司,采购部,17912.94,银行转账,赵强,是
TXN000448,2026-03-12 10:50:22,供应商K公司,财务部,6298.69,支票,刘洋,否
TXN000449,2026-04-17 10:12:16,供应商F公司,市场部,8856.5,银行转账,张明,是
TXN000450,2026-06-29 11:31:52,供应商B公司,市场部,5725.18,现金,王芳,否
TXN000451,2026-03-24 14:00:13,供应商M公司,采购部,12706.34,现金,刘洋,是
TXN000452,2026-03-02 12:16:14,供应商C公司,技术部,28684.55,银行转账,李华,否
TXN000453,2026-05-04 12:01:31,供应商C公司,行政部,6071.85,现金,赵强,是
TXN000454,2026-01-12 13:51:40,供应商H公司,采购部,19994.99,支票,张明,否
TXN000455,2026-04-29 13:21:52,供应商B公司,行政部,8741.12,现金,李华,是
TXN000456,2026-04-07 17:27:06,供应商L公司,技术部,7084.76,现金,王芳,是
TXN000457,2026-06-22 10:59:31,供应商D公司,采购部,12263.41,支票,赵强,否
TXN000458,2026-01-13 17:39:54,供应商I公司,技术部,5836.03,现金,张明,否
TXN000459,2026-03-30 17:22:31,供应商Q公司,行政部,8579.07,银行转账,赵强,是
TXN000460,2026-03-13 17:32:57,供应商F公司,行政部,5124.04,银行转账,刘洋,是
TXN000461,2026-03-16 16:48:49,供应商E公司,财务部,64329.92,银行转账,刘洋,否
TXN000462,2026-02-18 12:59:25,供应商N公司,行政部,13741.98,支票,张明,否
TXN000463,2026-06-25 11:20:59,供应商B公司,财务部,7632.87,银行转账,刘洋,是
TXN000464,2026-01-14 17:13:13,供应商O公司,行政部,15854.11,支票,王芳,是
TXN000465,2026-06-02 16:04:07,供应商J公司,技术部,12211.55,银行转账,赵强,否
TXN000466,2026-04-17 11:09:02,供应商H公司,财务部,11195.02,银行转账,赵强,是
TXN000467,2026-04-16 11:47:00,供应商L公司,采购部,21836.4,支票,张明,否
TXN000468,2026-05-22 13:04:03,供应商J公司,采购部,24489.66,银行转账,刘洋,是
TXN000469,2026-05-19 12:32:27,供应商I公司,采购部,8739.42,银行转账,李华,否
TXN000470,2026-03-31 08:34:09,供应商C公司,技术部,8428.26,银行转账,刘洋,是
TXN000471,2026-06-09 13:18:14,供应商M公司,采购部,10720.99,现金,刘洋,是
TXN000472,2026-01-26 17:08:41,供应商H公司,行政部,2118.5,支票,王芳,否
TXN000473,2026-03-05 16:26:33,供应商K公司,市场部,3975.27,支票,李华,是
TXN000474,2026-02-09 16:42:33,供应商E公司,技术部,39874.78,银行转账,李华,是
TXN000475,2026-04-15 09:35:21,供应商L公司,财务部,49810.16,支票,王芳,否
TXN000476,2026-05-14 13:14:50,供应商J公司,技术部,10946.46,银行转账,李华,否
TXN000477,2026-05-19 10:14:01,供应商H公司,行政部,21189.17,支票,刘洋,是
TXN000478,2026-06-09 13:53:40,供应商F公司,采购部,17137.09,支票,赵强,是
TXN000479,2026-01-19 17:27:06,供应商O公司,采购部,156859.32,银行转账,张明,是
TXN000480,2026-06-11 13:48:55,供应商H公司,财务部,32717.32,银行转账,赵强,否
TXN000481,2026-05-14 14:19:16,供应商C公司,技术部,12060.2,现金,王芳,是
TXN000482,2026-01-05 13:35:46,供应商C公司,财务部,6220.26,现金,赵强,是
TXN000483,2026-06-11 09:04:47,供应商K公司,采购部,3695.4,银行转账,赵强,是
TXN000484,2026-03-26 10:39:18,供应商M公司,市场部,15721.29,银行转账,赵强,否
TXN000485,2026-06-26 17:00:16,供应商F公司,行政部,7294.82,支票,赵强,是
TXN000486,2026-04-30 13:56:38,供应商T公司,技术部,4282.09,银行转账,王芳,否
TXN000487,2026-02-24 15:51:02,供应商M公司,财务部,7964.44,支票,李华,是
TXN000488,2026-06-04 16:15:07,供应商A公司,市场部,5623.79,现金,王芳,否
TXN000489,2026-03-17 17:59:16,供应商I公司,财务部,51519.38,银行转账,王芳,是
TXN000490,2026-06-01 12:15:04,供应商I公司,采购部,27046.47,支票,刘洋,否
TXN000491,2026-04-24 17:35:08,供应商H公司,财务部,13274.79,银行转账,李华,是
TXN000492,2026-05-29 16:43:47,供应商H公司,技术部,43649.86,支票,王芳,是
TXN000493,2026-02-04 12:41:13,供应商H公司,技术部,14212.75,支票,王芳,是
TXN000494,2026-03-10 14:57:27,供应商S公司,技术部,6707.44,银行转账,刘洋,是
TXN000495,2026-04-16 14:29:01,供应商J公司,财务部,45184.04,支票,张明,是
TXN000496,2026-04-13 13:25:40,供应商P公司,采购部,20560.52,支票,刘洋,是
TXN000497,2026-01-26 16:07:31,供应商K公司,财务部,5826.68,支票,张明,是
TXN000498,2026-04-13 12:42:42,供应商L公司,采购部,11472.74,支票,赵强,是
TXN000499,2026-05-05 11:11:43,供应商P公司,行政部,6630.96,银行转账,刘洋,否
TXN000500,2026-02-13 16:21:38,供应商S公司,财务部,4419.4,支票,王芳,否
TXN000501,2026-01-01 16:22:43,供应商S公司,市场部,28027.52,现金,张明,是
TXN000502,2026-05-05 12:58:12,供应商S公司,采购部,61545.58,支票,李华,否
TXN000503,2026-01-16 10:36:18,供应商H公司,行政部,4364.01,支票,李华,是
TXN000504,2026-05-11 10:32:26,供应商K公司,市场部,20960.09,银行转账,王芳,是
TXN000505,2026-01-14 11:56:47,供应商L公司,行政部,7938.55,银行转账,张明,是
TXN000506,2026-03-27 10:15:13,供应商N公司,财务部,9048.01,支票,赵强,否
TXN000507,2026-03-10 12:51:21,供应商R公司,市场部,8317.23,银行转账,赵强,是
TXN000508,2026-01-15 15:30:38,供应商B公司,行政部,6692.93,银行转账,王芳,否
TXN000509,2026-01-21 16:03:14,供应商C公司,行政部,13888.51,银行转账,赵强,是
TXN000510,2026-04-17 13:25:13,供应商C公司,行政部,6872.2,现金,刘洋,否
TXN000511,2026-01-07 08:26:19,供应商N公司,财务部,16586.85,现金,赵强,是
TXN000512,2026-03-06 15:00:45,供应商G公司,财务部,12833.44,支票,刘洋,否
TXN000513,2026-02-16 11:03:18,供应商D公司,采购部,11035.16,支票,刘洋,否
TXN000514,2026-01-13 22:40:00,供应商A公司,市场部,6463.65,银行转账,王芳,否
TXN000515,2026-02-10 12:28:14,供应商F公司,行政部,8421.83,银行转账,赵强,是
TXN000516,2026-06-02 17:47:23,供应商M公司,市场部,24448.23,支票,王芳,是
TXN000517,2026-03-17 14:00:26,供应商F公司,行政部,19945.0,支票,王芳,是
TXN000518,2026-03-27 17:20:20,供应商O公司,行政部,6111.67,银行转账,王芳,是
TXN000519,2026-01-30 16:19:11,供应商D公司,采购部,14464.69,现金,王芳,否
TXN000520,2026-03-17 12:02:42,供应商Q公司,市场部,24370.04,现金,赵强,是
TXN000521,2026-01-16 15:57:25,供应商M公司,采购部,3513.88,现金,刘洋,是
TXN000522,2026-05-28 08:45:19,供应商O公司,财务部,20633.85,银行转账,李华,是
TXN000523,2026-01-09 14:53:02,供应商N公司,采购部,7862.82,现金,赵强,是
TXN000524,2026-02-20 09:50:15,供应商K公司,采购部,21088.41,银行转账,赵强,否
TXN000525,2026-03-05 15:51:39,供应商I公司,技术部,7254.61,支票,张明,否
TXN000526,2026-01-30 09:23:01,供应商E公司,技术部,3152.95,现金,刘洋,是
TXN000527,2026-04-20 14:17:46,供应商D公司,行政部,3633.55,现金,王芳,否
TXN000528,2026-03-16 17:06:43,供应商P公司,技术部,13883.66,现金,赵强,是
TXN000529,2026-03-20 13:59:41,供应商E公司,技术部,16445.02,现金,赵强,是
TXN000530,2026-03-06 16:52:27,供应商H公司,采购部,6480.46,现金,赵强,否
TXN000531,2026-06-24 12:28:08,供应商L公司,采购部,22267.29,支票,王芳,否
TXN000532,2026-01-20 09:43:34,供应商H公司,财务部,3536.12,支票,赵强,否
TXN000533,2026-05-06 16:30:12,供应商C公司,财务部,12671.82,支票,李华,否
TXN000534,2026-06-18 17:23:36,供应商L公司,采购部,5070.46,现金,李华,是
TXN000535,2026-03-02 17:56:19,供应商Q公司,市场部,7930.97,银行转账,刘洋,是
TXN000536,2026-01-12 12:33:49,供应商H公司,采购部,13876.04,支票,张明,否
TXN000537,2026-02-23 12:49:39,供应商L公司,市场部,6712.11,现金,赵强,是
TXN000538,2026-05-13 14:30:09,供应商A公司,财务部,9821.76,支票,赵强,否
TXN000539,2026-06-19 08:44:03,供应商P公司,技术部,29882.68,现金,王芳,否
TXN000540,2026-02-20 13:26:33,供应商C公司,行政部,8421.02,银行转账,赵强,是
TXN000541,2026-04-22 10:54:57,供应商G公司,财务部,26070.34,现金,李华,是
TXN000542,2026-04-03 09:27:11,供应商E公司,财务部,5411.25,现金,张明,是
TXN000543,2026-02-19 08:13:28,供应商T公司,行政部,20411.29,现金,王芳,否
TXN000544,2026-06-15 16:40:45,供应商L公司,市场部,42330.15,支票,李华,否
TXN000545,2026-06-10 09:34:00,供应商T公司,市场部,1849.53,现金,张明,是
TXN000546,2026-04-10 15:49:36,供应商L公司,技术部,7062.0,现金,刘洋,否
TXN000547,2026-01-13 17:30:08,供应商K公司,行政部,21197.91,现金,王芳,否
TXN000548,2026-05-08 17:44:20,供应商J公司,财务部,11356.71,银行转账,刘洋,是
TXN000549,2026-01-12 08:35:20,供应商T公司,市场部,17978.23,现金,王芳,是
TXN000550,2026-05-21 09:25:24,供应商A公司,市场部,8240.46,支票,王芳,否
TXN000551,2026-03-17 17:29:32,供应商B公司,技术部,14317.99,现金,刘洋,是
TXN000552,2026-05-22 09:58:04,供应商H公司,技术部,11795.32,现金,赵强,否
TXN000553,2026-02-03 08:11:42,供应商R公司,财务部,34003.73,支票,张明,否
TXN000554,2026-02-20 13:24:17,供应商R公司,财务部,16375.42,现金,王芳,是
TXN000555,2026-02-13 11:46:35,供应商L公司,财务部,17502.2,现金,王芳,否
TXN000556,2026-01-07 22:41:00,供应商K公司,行政部,9609.41,支票,刘洋,否
TXN000557,2026-04-01 09:16:52,供应商D公司,市场部,9044.53,银行转账,刘洋,是
TXN000558,2026-04-08 12:23:37,供应商D公司,市场部,9451.73,现金,王芳,否
TXN000559,2026-06-19 10:27:04,供应商E公司,财务部,18316.58,银行转账,王芳,否
TXN000560,2026-06-23 16:57:35,供应商O公司,财务部,9539.65,支票,李华,是
TXN000561,2026-02-04 16:03:38,供应商K公司,采购部,16845.18,银行转账,赵强,否
TXN000562,2026-04-06 09:35:40,供应商C公司,财务部,70285.49,现金,赵强,否
TXN000563,2026-03-20 15:56:59,供应商N公司,市场部,26819.91,支票,张明,是
TXN000564,2026-06-23 13:03:03,供应商K公司,技术部,10292.61,银行转账,张明,是
TXN000565,2026-02-18 15:35:59,供应商H公司,行政部,34925.45,支票,李华,是
TXN000566,2026-05-22 15:56:33,供应商Q公司,技术部,9638.68,现金,王芳,否
TXN000567,2026-05-14 16:37:38,供应商E公司,行政部,2616.26,支票,王芳,是
TXN000568,2026-02-02 08:24:46,供应商M公司,采购部,5964.2,银行转账,李华,是
TXN000569,2026-02-11 08:13:04,供应商A公司,技术部,2991.01,现金,李华,是
TXN000570,2026-03-13 12:26:23,供应商B公司,市场部,10084.85,现金,王芳,是
TXN000571,2026-06-12 16:36:06,供应商A公司,采购部,13558.04,现金,张明,否
TXN000572,2026-04-17 14:31:14,供应商I公司,市场部,51080.08,现金,李华,是
TXN000573,2026-05-14 11:46:48,供应商A公司,行政部,17353.37,支票,张明,否
TXN000574,2026-03-23 15:52:10,供应商D公司,技术部,11211.77,现金,刘洋,是
TXN000575,2026-01-23 11:20:13,供应商D公司,市场部,25939.56,银行转账,刘洋,是
TXN000576,2026-06-01 09:33:04,供应商I公司,技术部,2278.09,银行转账,王芳,否
TXN000577,2026-02-27 16:26:10,供应商F公司,采购部,16130.89,现金,赵强,是
TXN000578,2026-03-06 12:43:28,供应商H公司,采购部,24752.76,银行转账,张明,是
TXN000579,2026-06-12 12:27:50,供应商S公司,市场部,4093.4,银行转账,张明,是
TXN000580,2026-05-06 10:49:37,供应商H公司,市场部,33356.34,支票,王芳,否
TXN000581,2026-01-20 17:08:35,供应商F公司,采购部,17514.72,支票,王芳,否
TXN000582,2026-06-15 15:05:36,供应商B公司,采购部,9583.23,银行转账,李华,否
TXN000583,2026-01-19 09:11:04,供应商L公司,行政部,22164.02,银行转账,张明,否
TXN000584,2026-06-12 14:40:59,供应商M公司,市场部,82170.72,支票,李华,是
TXN000585,2026-05-22 09:19:16,供应商B公司,财务部,15451.99,银行转账,赵强,否
TXN000586,2026-03-27 09:59:12,供应商F公司,技术部,16294.4,支票,王芳,是
TXN000587,2026-05-22 13:21:50,供应商E公司,市场部,9251.23,支票,张明,否
TXN000588,2026-01-13 15:10:02,供应商I公司,行政部,6769.11,银行转账,刘洋,是
TXN000589,2026-05-11 09:42:03,供应商K公司,技术部,25958.87,现金,刘洋,是
TXN000590,2026-03-26 09:13:02,供应商H公司,市场部,6735.4,支票,赵强,是
TXN000591,2026-06-23 13:18:34,供应商T公司,采购部,14146.93,银行转账,李华,否
TXN000592,2026-04-07 14:45:29,供应商F公司,采购部,9116.8,支票,王芳,是
TXN000593,2026-03-06 14:04:54,供应商I公司,采购部,19598.02,现金,李华,否
TXN000594,2026-03-20 15:24:25,供应商H公司,采购部,17447.12,支票,赵强,否
TXN000595,2026-06-16 15:59:42,供应商P公司,市场部,30639.09,支票,张明,否
TXN000596,2026-03-20 16:09:54,供应商N公司,采购部,8883.82,现金,刘洋,是
TXN000597,2026-06-10 17:00:49,供应商C公司,技术部,10765.48,现金,王芳,是
TXN000598,2026-05-08 10:38:18,供应商O公司,行政部,6105.77,支票,张明,是
TXN000599,2026-03-30 13:56:13,供应商K公司,技术部,9363.42,现金,刘洋,否
TXN000600,2026-05-20 11:52:07,供应商L公司,市场部,18066.96,银行转账,张明,是
TXN000601,2026-06-11 11:32:21,供应商J公司,技术部,24479.49,现金,王芳,是
TXN000602,2026-06-24 11:45:01,供应商F公司,市场部,6388.58,银行转账,赵强,是
TXN000603,2026-02-19 17:04:26,供应商T公司,财务部,26787.34,银行转账,张明,否
TXN000604,2026-06-10 10:42:02,供应商G公司,行政部,39517.95,银行转账,赵强,是
TXN000605,2026-06-23 11:52:35,供应商O公司,市场部,18596.86,现金,刘洋,是
TXN000606,2026-03-26 09:02:33,供应商S公司,市场部,59960.22,现金,李华,是
TXN000607,2026-06-08 15:18:47,供应商E公司,采购部,7193.76,支票,刘洋,否
TXN000608,2026-03-23 15:07:08,供应商T公司,财务部,4935.83,支票,赵强,否
TXN000609,2026-02-27 10:56:53,供应商O公司,财务部,3219.64,银行转账,赵强,否
TXN000610,2026-04-17 16:57:39,供应商K公司,技术部,44215.71,现金,李华,是
TXN000611,2026-05-14 15:50:26,供应商L公司,财务部,22550.05,现金,李华,否
TXN000612,2026-01-23 17:49:38,供应商L公司,技术部,12778.67,支票,刘洋,否
TXN000613,2026-05-26 13:19:15,供应商R公司,行政部,16713.55,支票,张明,是
TXN000614,2026-01-29 13:16:17,供应商B公司,采购部,5429.53,银行转账,王芳,是
TXN000615,2026-01-13 09:05:38,供应商J公司,财务部,94523.29,现金,张明,否
TXN000616,2026-06-08 09:38:13,供应商O公司,采购部,14814.73,现金,刘洋,是
TXN000617,2026-05-25 11:53:38,供应商R公司,市场部,14581.6,银行转账,刘洋,否
TXN000618,2026-03-16 10:18:14,供应商M公司,市场部,23875.62,现金,王芳,是
TXN000619,2026-05-25 17:45:11,供应商I公司,财务部,19629.86,现金,赵强,是
TXN000620,2026-05-04 09:40:06,供应商L公司,技术部,15980.22,现金,刘洋,是
TXN000621,2026-02-27 10:58:03,供应商O公司,财务部,7098.37,现金,张明,是
TXN000622,2026-03-25 12:59:28,供应商I公司,技术部,19480.61,支票,李华,是
TXN000623,2026-04-24 17:34:20,供应商I公司,采购部,60211.56,支票,赵强,是
TXN000624,2026-06-30 15:43:16,供应商K公司,技术部,39196.24,银行转账,刘洋,否
TXN000625,2026-04-06 14:07:59,供应商S公司,技术部,47788.93,支票,张明,否
TXN000626,2026-04-13 08:31:06,供应商H公司,财务部,8875.3,现金,张明,是
TXN000627,2026-04-15 14:46:08,供应商M公司,采购部,6053.04,支票,李华,是
TXN000628,2026-03-06 14:52:54,供应商L公司,行政部,12080.77,银行转账,刘洋,否
TXN000629,2026-04-20 08:00:33,供应商A公司,采购部,13968.78,现金,王芳,否
TXN000630,2026-04-30 12:03:15,供应商T公司,财务部,32059.64,银行转账,王芳,否
TXN000631,2026-01-23 08:21:40,供应商M公司,行政部,3449.65,现金,王芳,是
TXN000632,2026-03-04 12:45:56,供应商Q公司,采购部,45416.93,银行转账,李华,是
TXN000633,2026-05-11 11:59:17,供应商G公司,市场部,11773.35,银行转账,李华,否
TXN000634,2026-01-15 08:06:21,供应商E公司,采购部,9494.76,支票,王芳,是
TXN000635,2026-01-15 13:21:38,供应商B公司,财务部,5945.06,支票,刘洋,是
TXN000636,2026-02-20 13:23:12,供应商N公司,市场部,3555.02,支票,赵强,否
TXN000637,2026-01-02 11:29:27,供应商T公司,采购部,25810.49,现金,刘洋,是
TXN000638,2026-01-15 10:17:28,供应商L公司,技术部,14166.77,银行转账,王芳,否
TXN000639,2026-03-16 09:30:57,供应商M公司,采购部,4760.13,支票,李华,是
TXN000640,2026-05-26 08:07:31,供应商M公司,技术部,4740.69,支票,李华,否
TXN000641,2026-06-22 13:37:03,供应商L公司,采购部,10212.55,现金,刘洋,是
TXN000642,2026-01-09 10:40:37,供应商A公司,技术部,50777.94,现金,赵强,是
TXN000643,2026-05-26 15:18:53,供应商L公司,财务部,10854.41,支票,刘洋,是
TXN000644,2026-06-12 10:12:33,供应商I公司,财务部,4013.77,银行转账,李华,是
TXN000645,2026-06-15 15:45:15,供应商R公司,市场部,10975.33,现金,刘洋,是
TXN000646,2026-01-14 09:55:59,供应商I公司,采购部,10740.97,银行转账,刘洋,否
TXN000647,2026-03-06 13:52:37,供应商L公司,财务部,1544.55,现金,李华,是
TXN000648,2026-02-25 16:50:07,供应商T公司,采购部,12791.86,银行转账,王芳,否
TXN000649,2026-04-21 09:46:04,供应商L公司,行政部,11106.13,支票,李华,是
TXN000650,2026-02-13 08:23:04,供应商N公司,行政部,23317.63,支票,李华,否
TXN000651,2026-01-22 11:11:48,供应商F公司,技术部,58639.56,银行转账,王芳,是
TXN000652,2026-06-23 09:44:42,供应商R公司,财务部,32900.79,支票,张明,是
TXN000653,2026-06-23 13:30:41,供应商A公司,技术部,10773.98,现金,张明,否
TXN000654,2026-02-11 15:32:11,供应商B公司,技术部,5512.53,支票,刘洋,否
TXN000655,2026-03-13 08:50:18,供应商M公司,财务部,104682.56,现金,王芳,是
TXN000656,2026-04-01 13:39:51,供应商Q公司,技术部,14007.87,银行转账,赵强,否
TXN000657,2026-02-16 17:15:54,供应商T公司,财务部,13509.43,现金,李华,否
TXN000658,2026-06-19 16:43:26,供应商E公司,市场部,13104.36,支票,张明,是
TXN000659,2026-01-13 12:57:15,供应商I公司,行政部,15653.78,银行转账,张明,是
TXN000660,2026-06-26 14:18:36,供应商L公司,市场部,11902.59,支票,赵强,是
TXN000661,2026-01-21 09:03:48,供应商Q公司,行政部,8442.81,现金,王芳,是
TXN000662,2026-06-12 13:34:05,供应商C公司,技术部,8625.8,支票,赵强,是
TXN000663,2026-06-22 14:31:15,供应商T公司,采购部,13014.21,现金,李华,否
TXN000664,2026-02-02 11:46:44,供应商H公司,采购部,8649.53,现金,王芳,是
TXN000665,2026-01-30 12:10:15,供应商F公司,财务部,754609.29,支票,刘洋,是
TXN000666,2026-03-06 10:57:32,供应商D公司,市场部,14547.06,现金,赵强,否
TXN000667,2026-01-05 16:36:22,供应商H公司,采购部,10894.55,银行转账,刘洋,是
TXN000668,2026-01-27 11:51:34,供应商Q公司,采购部,44497.77,现金,李华,是
TXN000669,2026-02-02 15:12:25,供应商I公司,财务部,1602.35,现金,赵强,是
TXN000670,2026-05-22 16:36:22,供应商J公司,采购部,31990.86,银行转账,赵强,否
TXN000671,2026-06-18 17:55:19,供应商P公司,财务部,36201.95,银行转账,赵强,是
TXN000672,2026-06-04 15:10:45,供应商S公司,财务部,2543.48,现金,刘洋,否
TXN000673,2026-05-14 11:05:11,供应商K公司,市场部,10156.3,现金,刘洋,是
TXN000674,2026-01-22 09:58:24,供应商A公司,财务部,9925.35,现金,刘洋,否
TXN000675,2026-01-30 09:00:20,供应商T公司,采购部,4332.89,银行转账,赵强,是
TXN000676,2026-06-02 13:05:26,供应商R公司,技术部,744087.66,银行转账,张明,否
TXN000677,2026-01-26 15:22:35,供应商T公司,技术部,708524.15,银行转账,赵强,否
TXN000678,2026-03-25 15:04:51,供应商H公司,市场部,54274.86,支票,王芳,是
TXN000679,2026-02-25 08:07:06,供应商T公司,技术部,28241.36,支票,王芳,是
TXN000680,2026-01-02 09:29:22,供应商A公司,技术部,36947.16,现金,张明,是
TXN000681,2026-05-08 10:24:21,供应商G公司,行政部,23797.54,支票,王芳,是
TXN000682,2026-02-19 14:00:51,供应商I公司,技术部,5414.08,支票,刘洋,否
TXN000683,2026-05-13 11:51:08,供应商M公司,财务部,8781.34,支票,刘洋,否
TXN000684,2026-02-19 14:41:22,供应商J公司,技术部,19761.67,支票,赵强,是
TXN000685,2026-06-16 08:35:01,供应商D公司,财务部,5025.59,支票,李华,是
TXN000686,2026-04-30 13:33:56,供应商B公司,财务部,23632.99,支票,张明,是
TXN000687,2026-01-29 13:16:46,供应商P公司,技术部,11023.0,支票,张明,是
TXN000688,2026-02-13 09:31:27,供应商L公司,采购部,9898.55,现金,张明,否
TXN000689,2026-04-30 13:17:13,供应商Q公司,行政部,23594.48,现金,刘洋,是
TXN000690,2026-06-09 14:32:34,供应商F公司,市场部,19061.21,支票,张明,是
TXN000691,2026-06-15 11:55:56,供应商Q公司,行政部,10008.87,银行转账,张明,是
TXN000692,2026-01-08 08:03:25,供应商L公司,财务部,33774.58,现金,张明,是
TXN000693,2026-06-01 17:32:20,供应商M公司,行政部,5625.97,现金,赵强,否
TXN000694,2026-01-14 15:46:45,供应商C公司,技术部,21867.32,支票,刘洋,否
TXN000695,2026-06-08 16:34:29,供应商I公司,财务部,21471.48,现金,李华,否
TXN000696,2026-04-09 15:14:25,供应商D公司,技术部,10429.18,银行转账,刘洋,否
TXN000697,2026-02-20 08:56:17,供应商R公司,技术部,17342.34,支票,赵强,否
TXN000698,2026-04-20 16:33:21,供应商P公司,财务部,4910.39,支票,赵强,否
TXN000699,2026-06-24 10:06:13,供应商S公司,采购部,27979.34,支票,张明,否
TXN000700,2026-01-14 10:49:32,供应商M公司,财务部,11522.75,现金,李华,否
TXN000701,2026-04-15 08:19:07,供应商A公司,行政部,8793.97,银行转账,王芳,是
TXN000702,2026-05-26 17:36:20,供应商K公司,采购部,30921.51,现金,李华,否
TXN000703,2026-04-22 17:41:40,供应商I公司,财务部,7604.73,现金,李华,否
TXN000704,2026-02-17 08:03:54,供应商I公司,财务部,4329.6,银行转账,李华,是
TXN000705,2026-06-12 17:36:08,供应商T公司,行政部,3845.65,银行转账,张明,是
TXN000706,2026-01-16 13:46:42,供应商P公司,技术部,21694.37,银行转账,刘洋,是
TXN000707,2026-03-03 13:56:57,供应商P公司,技术部,4796.57,支票,赵强,是
TXN000708,2026-05-29 17:43:14,供应商Q公司,行政部,54384.55,支票,李华,是
TXN000709,2026-04-13 10:06:17,供应商N公司,市场部,2526.16,现金,张明,否
TXN000710,2026-06-17 09:45:18,供应商F公司,市场部,51904.72,银行转账,刘洋,否
TXN000711,2026-03-03 15:02:29,供应商A公司,采购部,15816.58,现金,李华,否
TXN000712,2026-03-05 12:38:33,供应商L公司,技术部,12365.05,支票,李华,否
TXN000713,2026-02-16 09:08:54,供应商I公司,市场部,8639.2,现金,王芳,否
TXN000714,2026-03-24 15:43:01,供应商G公司,市场部,847185.91,现金,王芳,否
TXN000715,2026-02-24 15:10:05,供应商O公司,财务部,12963.49,现金,李华,是
TXN000716,2026-06-08 10:24:12,供应商D公司,行政部,32294.15,银行转账,刘洋,否
TXN000717,2026-06-16 14:41:16,供应商M公司,财务部,14638.09,银行转账,李华,否
TXN000718,2026-02-04 15:02:58,供应商N公司,市场部,15066.69,银行转账,刘洋,否
TXN000719,2026-04-20 11:45:18,供应商S公司,采购部,9987.71,支票,张明,是
TXN000720,2026-06-08 08:40:01,供应商I公司,市场部,12764.76,现金,张明,否
TXN000721,2026-03-12 10:12:17,供应商L公司,技术部,17089.87,现金,王芳,否
TXN000722,2026-03-10 12:12:00,供应商T公司,财务部,3401.14,现金,刘洋,是
TXN000723,2026-02-25 14:22:22,供应商L公司,行政部,4543.49,现金,刘洋,否
TXN000724,2026-01-16 13:24:19,供应商M公司,技术部,24212.18,支票,赵强,是
TXN000725,2026-05-05 17:19:19,供应商K公司,市场部,15316.6,现金,刘洋,否
TXN000726,2026-06-26 11:16:00,供应商C公司,采购部,11531.22,银行转账,王芳,是
TXN000727,2026-05-06 12:15:36,供应商M公司,行政部,639841.48,支票,王芳,否
TXN000728,2026-05-22 15:39:55,供应商H公司,行政部,17642.49,现金,张明,是
TXN000729,2026-02-02 17:51:32,供应商M公司,采购部,8674.93,银行转账,张明,否
TXN000730,2026-01-06 10:52:09,供应商M公司,技术部,7167.82,银行转账,张明,否
TXN000731,2026-05-01 08:33:53,供应商E公司,采购部,15625.76,现金,赵强,否
TXN000732,2026-02-18 08:57:04,供应商J公司,市场部,6107.68,现金,李华,是
TXN000733,2026-04-13 14:47:49,供应商F公司,采购部,18519.92,银行转账,王芳,否
TXN000734,2026-06-19 10:40:48,供应商R公司,行政部,3421.84,现金,赵强,是
TXN000735,2026-02-04 17:03:01,供应商S公司,技术部,30434.27,支票,刘洋,否
TXN000736,2026-05-05 13:37:16,供应商R公司,行政部,19498.21,支票,赵强,是
TXN000737,2026-03-13 08:40:25,供应商N公司,行政部,16396.51,银行转账,王芳,是
TXN000738,2026-01-01 08:25:49,供应商Q公司,财务部,29323.74,支票,王芳,否
TXN000739,2026-06-29 09:14:36,供应商P公司,市场部,50634.05,支票,张明,否
TXN000740,2026-01-02 17:38:17,供应商R公司,行政部,30076.4,银行转账,赵强,否
TXN000741,2026-01-16 17:08:38,供应商N公司,财务部,3063.46,现金,刘洋,否
TXN000742,2026-02-25 14:41:25,供应商R公司,行政部,4799.84,支票,李华,是
TXN000743,2026-02-26 13:36:42,供应商D公司,市场部,8104.26,现金,赵强,否
TXN000744,2026-03-04 14:18:29,供应商A公司,财务部,13641.51,银行转账,刘洋,是
TXN000745,2026-02-06 10:31:55,供应商D公司,行政部,20213.93,支票,李华,否
TXN000746,2026-05-22 12:33:52,供应商A公司,财务部,7475.64,银行转账,李华,是
TXN000747,2026-02-12 12:10:11,供应商K公司,市场部,15512.69,支票,赵强,否
TXN000748,2026-01-14 22:26:00,供应商B公司,行政部,7300.47,银行转账,李华,是
TXN000749,2026-03-18 12:49:04,供应商C公司,技术部,8190.95,支票,李华,是
TXN000750,2026-03-16 10:16:46,供应商A公司,采购部,4335.84,现金,李华,否
TXN000751,2026-01-19 13:53:12,供应商Q公司,财务部,6383.13,支票,赵强,否
TXN000752,2026-05-22 17:49:50,供应商B公司,技术部,4530.79,现金,张明,否
TXN000753,2026-06-22 16:08:27,供应商B公司,财务部,6119.9,银行转账,李华,否
TXN000754,2026-03-05 08:20:32,供应商A公司,财务部,31036.32,支票,刘洋,是
TXN000755,2026-06-03 13:40:35,供应商H公司,采购部,6250.9,银行转账,刘洋,否
TXN000756,2026-02-18 15:07:47,供应商F公司,市场部,109744.0,银行转账,刘洋,否
TXN000757,2026-03-11 08:49:56,供应商E公司,技术部,19824.11,银行转账,李华,否
TXN000758,2026-06-03 10:57:52,供应商L公司,市场部,15488.74,现金,李华,是
TXN000759,2026-01-27 11:53:50,供应商I公司,采购部,6723.16,支票,赵强,否
TXN000760,2026-04-16 17:19:26,供应商P公司,财务部,23394.31,现金,李华,否
TXN000761,2026-04-27 14:03:02,供应商R公司,财务部,8429.47,银行转账,刘洋,是
TXN000762,2026-02-27 17:56:04,供应商I公司,技术部,14729.5,支票,赵强,是
TXN000763,2026-04-09 13:56:02,供应商M公司,财务部,103576.69,银行转账,刘洋,否
TXN000764,2026-02-16 16:49:33,供应商K公司,采购部,12371.52,现金,刘洋,否
TXN000765,2026-04-30 08:58:11,供应商J公司,行政部,33503.95,支票,王芳,是
TXN000766,2026-06-12 12:16:59,供应商E公司,财务部,7611.83,银行转账,李华,是
TXN000767,2026-01-20 12:13:30,供应商B公司,技术部,12990.96,现金,赵强,否
TXN000768,2026-04-13 10:30:18,供应商T公司,技术部,55085.43,支票,张明,否
TXN000769,2026-05-20 17:24:03,供应商C公司,采购部,8090.34,银行转账,赵强,是
TXN000770,2026-05-05 09:34:03,供应商B公司,行政部,56951.7,现金,赵强,否
TXN000771,2026-06-04 13:28:16,供应商B公司,技术部,23534.0,支票,刘洋,是
TXN000772,2026-06-12 08:50:56,供应商J公司,采购部,8518.76,银行转账,刘洋,是
TXN000773,2026-04-14 13:43:12,供应商M公司,财务部,22157.39,银行转账,刘洋,是
TXN000774,2026-05-05 08:12:17,供应商S公司,行政部,29086.91,现金,赵强,否
TXN000775,2026-01-21 13:09:08,供应商F公司,财务部,21970.33,现金,赵强,否
TXN000776,2026-03-10 17:56:57,供应商K公司,技术部,3804.04,支票,王芳,否
TXN000777,2026-05-29 17:21:26,供应商N公司,行政部,7467.31,现金,李华,是
TXN000778,2026-02-19 16:08:28,供应商L公司,市场部,10959.75,支票,赵强,是
TXN000779,2026-05-22 08:51:54,供应商B公司,行政部,12587.42,现金,张明,是
TXN000780,2026-01-02 14:36:46,供应商J公司,财务部,21950.33,银行转账,王芳,是
TXN000781,2026-04-10 14:41:52,供应商R公司,技术部,15400.59,现金,李华,是
TXN000782,2026-01-08 15:51:50,供应商O公司,行政部,4590.41,银行转账,李华,否
TXN000783,2026-03-13 14:43:48,供应商S公司,财务部,18108.89,银行转账,王芳,否
TXN000784,2026-02-12 13:19:52,供应商C公司,行政部,21773.93,支票,李华,否
TXN000785,2026-06-10 16:03:55,供应商S公司,采购部,20906.85,现金,王芳,是
TXN000786,2026-03-16 10:08:01,供应商C公司,采购部,31717.52,支票,王芳,否
TXN000787,2026-05-26 12:26:06,供应商T公司,采购部,26033.46,现金,赵强,是
TXN000788,2026-03-04 08:07:22,供应商R公司,技术部,19290.04,银行转账,王芳,是
TXN000789,2026-01-07 22:20:00,供应商O公司,技术部,12630.47,现金,刘洋,是
TXN000790,2026-02-13 10:59:38,供应商N公司,行政部,3537.7,支票,李华,是
TXN000791,2026-04-03 17:38:36,供应商S公司,采购部,18839.19,现金,赵强,否
TXN000792,2026-03-19 17:16:14,供应商Q公司,市场部,15774.5,现金,李华,是
TXN000793,2026-02-17 09:16:12,供应商C公司,行政部,16601.74,支票,王芳,是
TXN000794,2026-03-24 13:50:32,供应商L公司,行政部,4810.72,银行转账,王芳,否
TXN000795,2026-05-08 14:25:52,供应商A公司,行政部,5626.0,银行转账,王芳,否
TXN000796,2026-01-29 15:33:48,供应商O公司,采购部,31024.18,银行转账,李华,否
TXN000797,2026-05-28 11:17:43,供应商C公司,采购部,12943.59,现金,张明,是
TXN000798,2026-06-09 14:06:04,供应商J公司,采购部,23044.92,支票,张明,否
TXN000799,2026-02-11 11:24:37,供应商G公司,技术部,13665.84,现金,王芳,否
TXN000800,2026-04-24 12:59:59,供应商Q公司,采购部,13681.57,支票,李华,是
TXN000801,2026-04-01 16:21:15,供应商T公司,行政部,71247.13,支票,刘洋,否
TXN000802,2026-01-26 17:49:38,供应商L公司,技术部,12778.67,支票,刘洋,否
TXN000803,2026-04-02 15:12:55,供应商I公司,行政部,14438.62,银行转账,刘洋,是
TXN000804,2026-03-08 09:31:45,供应商F公司,技术部,31040.3,支票,王芳,是
TXN000805,2026-05-22 12:32:27,供应商I公司,采购部,8739.42,银行转账,李华,否
TXN000806,2026-01-07 10:52:09,供应商M公司,技术部,7167.82,银行转账,张明,否
TXN000807,2026-04-15 11:13:37,供应商F公司,采购部,24119.44,现金,张明,是
TXN000808,2026-02-21 08:13:28,供应商T公司,行政部,20411.29,现金,王芳,否
TXN000809,2026-04-01 10:00:00,供应商K公司,采购部,7197.61,银行转账,张明,否
TXN000810,2026-04-02 10:00:00,供应商K公司,采购部,3727.61,银行转账,张明,否
TXN000811,2026-04-03 10:00:00,供应商K公司,采购部,3147.42,银行转账,张明,否
TXN000812,2026-04-04 10:00:00,供应商K公司,采购部,4593.44,银行转账,张明,否
TXN000813,2026-04-05 10:00:00,供应商K公司,采购部,7864.48,银行转账,张明,否
TXN000814,2026-04-06 10:00:00,供应商K公司,采购部,7805.98,银行转账,张明,否
